Client_ID,Credit_Card_Number,Password,CVV
1,1000,1001,101
2,2000,1002,102
3,3000,1003,103
4,4000,1004,104
5,5000,1005,105
6,6000,1006,106
7,7000,1007,107
8,8000,1008,108
9,9000,1009,109
10,1000,1010,110
11,1100,1011,111
12,1200,1012,112
13,1300,1013,113
14,1400,1014,114
15,1500,1015,115
16,1600,1016,116
17,1700,1017,117
18,1800,1018,118
19,1900,1019,119
20,2000,1020,120
21,2100,1021,121
22,2200,1022,122
23,2300,1023,123
24,2400,1024,124
25,2500,1025,125
26,2600,1026,126
27,2700,1027,127
28,2800,1028,128
29,2900,1029,129
30,3000,1030,130
